,_id,Datetime,Tweet Id,Text,Username
0,6402fef06eb880dac6b5bb93,1675382397000,1621297402077499396,"Roznowa Z liberaÅ‚ami, uciekÅ‚a mi literka, elon Musk daj w koÅ„cu opcjÄ™ edytuj Å¼al",PolanskiL_
1,6402fef06eb880dac6b5bb94,1675382397000,1621297400303308800,"@elonmusk  Howâ€™s your Vienna sausage hanginâ€™ bologna face? 

#smallpenissyndrome",wittymedwriter
2,6402fef06eb880dac6b5bb95,1675382397000,1621297399728685056,@ClayTravis @elonmusk Masks? ğŸ¤£ Follow the Sci-yence.,Bremi2Bremi
3,6402fef06eb880dac6b5bb96,1675382396000,1621297398856171520,@elonmusk You learnt it the hard way,RobertMethod1
4,6402fef06eb880dac6b5bb97,1675382396000,1621297398789148672,@sophiedee @elonmusk @TitterTakeover @Twitter @sophiedee you are a republican?,TornadoMatter
5,6402fef06eb880dac6b5bb98,1675382396000,1621297398709456896,@fckeveryword Me to Elon Musk https://t.co/mlGZY58n2T,Jo3y231
6,6402fef06eb880dac6b5bb99,1675382396000,1621297396830572544,"@CoreyMSchafer @elonmusk @TitterTakeover @Twitter Why would you compare an opposing political party to â€œflat Earthersâ€?  You sound a bit hysterical, like CNN during the â€œflat earthâ€ Russia, Russia, Russia propaganda",ClownsIAAreEvil
7,6402fef06eb880dac6b5bb9a,1675382395000,1621297394855063552,"Hey Elon,
@elonmusk 
We have a button for when we want to refresh.
We don't need you to do it for us.

Jack",haysjr_9
8,6402fef06eb880dac6b5bb9b,1675382395000,1621297394276093952,@elonmusk You want to call out @LoganPaul but you wonâ€™t call out your cousins who you bailed out of the solar industry and then selling their stock after 6 months for 200 million. @elonmusk I think you are the fraud!,CBrogden35
9,6402fef06eb880dac6b5bb9c,1675382394000,1621297387363831810,@elonmusk @LeighWolf You have input into them so make it so they donâ€™t have bias,thefinancetwich
10,6402fef06eb880dac6b5bb9d,1675382393000,1621297384507539456,@elonmusk @BillyM2k @ericnakagawa What's with the sexually explicit crap showing up on my timeline?  I don't want that crap.,Richard50764260
11,6402fef06eb880dac6b5bb9e,1675382392000,1621297380481024000,@elonmusk @TitterTakeover @Twitter Good job!,Tara34825779
12,6402fef06eb880dac6b5bb9f,1675382392000,1621297379444916224,bumper cars (the carnival ride) and magnetic fields (invisible waves terrestrial created) . there's a hypothetical connection #Science #ScienceTwitter may want to explore. earth and surrounding celestial objects are bumper cars. @elonmusk,dadx3gMike
13,6402fef06eb880dac6b5bba0,1675382389000,1621297368590127105,"@CNeverknow @elonmusk GeeZ, that sounds like SOOOO much fun.",jackie_piglet
14,6402fef06eb880dac6b5bba1,1675382388000,1621297365767290880,@_NightHaunter @MAstronomers @elonmusk Il sole non Ã¨ grande 1000 volte la terra Ã¨ non dista 150 milioni di chilometri. Ma non sei obbligato a credermi. Fai le tue ricerche se ne senti il bisogno,KennedyAlberto_
15,6402fef06eb880dac6b5bba2,1675382388000,1621297365587034112,Elon Musk matando todos os bots do twt https://t.co/CJdFT06CAS,Deathunt_
16,6402fef06eb880dac6b5bba3,1675382388000,1621297362173054977,"Reminder. Family man as well!
@elonmusk @NotElonMusk639 https://t.co/0BvVQ3e0Mh",EllaVogelsang
17,6402fef06eb880dac6b5bba4,1675382387000,1621297360885145601,@elonmusk @TitterTakeover @Twitter Eliza bleu.,Mikelm1973
18,6402fef06eb880dac6b5bba5,1675382387000,1621297358456643584,@elonmusk @BillyM2k @ericnakagawa RIP open-source projects.,tosho
19,6402fef06eb880dac6b5bba6,1675382386000,1621297357462638595,"@Jim_Jordan @OANN Rep Jordan, ask @elonmusk to step in.  He will help with this, you know that.",ravensrulz1
20,6402fef06eb880dac6b5bba7,1675382386000,1621297357269913603,@thomasnunn @Project_Veritas @elonmusk ğŸ¤£,netluxe
21,6402fef06eb880dac6b5bba8,1675382386000,1621297356443455488,@Project_Veritas @elonmusk Funny I tried to reply and it said this post was deleted? Had to go find it again from your account ..,NightwatchN8
22,6402fef06eb880dac6b5bba9,1675382386000,1621297356183420928,@Project_Veritas @elonmusk Might have a few sleepers among your ranks though. Time to audit employee interactions with posts.,Bcote06333747
23,6402fef06eb880dac6b5bbaa,1675382385000,1621297350366072832,@elonmusk @BillyM2k @ericnakagawa Not a statement you would normally make Elon,EllaVogelsang
24,6402fef06eb880dac6b5bbab,1675382384000,1621297349028093954,"Can there be a new function that shows the reply with a blocked icon?
@elonmusk 
@TwitterSupport",pipppppa123
25,6402fef06eb880dac6b5bbac,1675382384000,1621297348910673921,"Day 64 of asking Elon for One Million Dollars! In correlation to your post about fitting all of Humanity into New York, you know what else doesn't take up much space? A million bucks... You could fit all that million bucks into my bank account ğŸ˜…

@elonmusk 
#NoShame",JFechle
26,6402fef06eb880dac6b5bbad,1675382384000,1621297347698327564,"@elonmusk @TitterTakeover @Twitter Yeah, but you still have some scum in the filters.
And some grifters in the ear.",TrueLaserak
27,6402fef06eb880dac6b5bbae,1675382384000,1621297347450773504,@Project_Veritas @elonmusk Stop appealing to Elon. He's a part of the problem. Haven't you been paying attention?,jSonPlaysGames
28,6402fef06eb880dac6b5bbaf,1675382383000,1621297343848124420,@Project_Veritas @elonmusk Damn Chinese spy balloon,kcmomo12
29,6402fef06eb880dac6b5bbb0,1675382383000,1621297341490667522,@npcvernon I love twitter and i love elon musk,GlRLFRONT
30,6402fef06eb880dac6b5bbb1,1675382382000,1621297339200593922,"@elonmusk @BillyM2k @ericnakagawa This is your biggest miss yet, impressive mastery of the unforced error",NYNightTrain
31,6402fef06eb880dac6b5bbb2,1675382382000,1621297339196477441,@VlRG9 @tap4president_ @elonmusk ja je kk vader elon,klaverisdenaam
32,6402fef06eb880dac6b5bbb3,1675382382000,1621297337686523904,@Project_Veritas @elonmusk New Twitter is as bad as old Twitter. #pfertility,JosephRBr4ndon
33,6402fef06eb880dac6b5bbb4,1675382380000,1621297330765942784,@theserfstv @elonmusk @ElijahSchaffer Maybe because the â€œmajor medical associationsâ€ are making loads of money out of it. Transgenderism is just another ponzi scheme - but abusing kids instead of real estate.,dazzah9000
34,6402fef06eb880dac6b5bbb5,1675382380000,1621297329222606849,Elon Musk killed all the good bots on Twitter - Quartz https://t.co/IGPX8RAEiU,brontyman
35,6402fef06eb880dac6b5bbb6,1675382380000,1621297329113276416,@makedonien_mk @PallasGlaux @Tutunarot1 @G7uQ40F6VP1Rv2U @IoannisKapo1 @TheRisingFinix @Chigeorge72 @eftimia60 @JordanTviterka @theoperi @vladegv @GrecoStrategos @MAKEDONMMA @_kavla1_ @max_zek_x @bigjohn53979259 @Aretitheta @TreloKomio5 @Ar_MA_ge_don @SrebreniKopja @OKOTOnaSE @panbog2 @YiosDia @Alexand45539671 @mmamakedonia @BasilesNikolaou @MakedonPaeon @THE_GREEK_007 @lolita194636511 @Darnakas3 @_Makedonuts_ @AITWLOS @andros_sk_mari @dokurcev @PegoEmpresa @APsilos @basedfootball_ @dondon90820793 @xKilluminatix_ @orguel1984 @Okurcan3 @mkdalex_mk @IamHellenic @DOOM90129835 @oc1hr9id47 @RDOOM85831413 @lilaposer1261 @_Jan_____ @BiblioStrumski @elonmusk A lanquage are not the words= stupid to claim this https://t.co/oN4VPbZDbp,Helena_Erben
36,6402fef06eb880dac6b5bbb7,1675382379000,1621297328295448576,"@elonmusk @TitterTakeover @Twitter I will pay 3.14 picoin
For Ï€ tesla phone ğŸ“±",haskoo17
37,6402fef06eb880dac6b5bbb8,1675382379000,1621297327947534336,"@MinionDeFerro @0x_flea @BillyM2k @elonmusk @atensnut You don't need to choose another line.
What you need to do is give me a verifiable citation from an accredited scientific source that says empirical evidence is what you say it is.
If you're not lying it should have been easy.
So let's see it 
Quit dodging and deflecting.",squirrel_bd
38,6402fef06eb880dac6b5bbb9,1675382379000,1621297325405618177,@elonmusk @TitterTakeover @Twitter Progress is right!  We needed the truth and Elon is delivering.  So thankful for what Elon is doing and has done.  Bringing truth and integrity back will ripple throughout the country!,BobGruensfelder
39,6402fef06eb880dac6b5bbba,1675382378000,1621297324210241538,Elon Musk Throws Dogecoin Around The Moon With His Bare Hands https://t.co/WxpV3n9EXo via @YouTube,justelonmusk69
40,6402fef06eb880dac6b5bbbb,1675382378000,1621297323081883651,"O segredo do sucesso nada mais Ã© que a: persistÃªncia, resistÃªncia e nunca desistir do seus objetivos, arrisque.
@elonmusk 
#ElonMuskNews https://t.co/LaPhJyLqk4",MillerSarah7368
41,6402fef06eb880dac6b5bbbc,1675382378000,1621297321907572739,@LoriMills4CA42 @DonaldJTrumpJr @elonmusk Don set it so you can't do it. He's doing different things with his account,MaliceinOH
42,6402fef06eb880dac6b5bbbd,1675382377000,1621297319126646786,@elonmusk @TrungTPhan That's what she said.,Michell08843508
43,6402fef06eb880dac6b5bbbe,1675382377000,1621297319030423553,"When @elonmusk says heâ€™s going to fix @Twitter ğŸ˜‚.  

He probably will, but at the momentâ€¦ https://t.co/XFtineZ6Dg",C6feels
44,6402fef06eb880dac6b5bbbf,1675382376000,1621297311857971201,"@topherAlba26 @elonmusk @itsALLrisky @cb_doge @BillyM2k @ALL_IN_MCDOGE_1 @GloryDoge @WhitneyWalker33 @djdoge69 @DogecoinNorway @MyDogeCTO @Dogememegirl @DogecoinTweet @sheetz This guy is a character ğŸ˜‚ ğŸ¤£ 
I would follow him if I used tiktok!",kiteboarderdoge
45,6402fef06eb880dac6b5bbc0,1675382374000,1621297305210032128,@lhallwriter Elon Musk?,jake93782476
46,6402fef06eb880dac6b5bbc1,1675382374000,1621297303398014978,@davidscottjaffe @elonmusk Why did you???,Rsoaker27
47,6402fef06eb880dac6b5bbc2,1675382371000,1621297294069972992,"@elonmusk Purpose
Depending on their upbringing, people born on June 28th may be faced with a task to detach from primal commitments and ties in order to fly. Their life stories lead towards liberation, from their family or their partners, and this can be stressful if they arent",grudovd1
48,6402fef06eb880dac6b5bbc3,1675382371000,1621297293868539904,"@elonmusk @TitterTakeover @NFL Twitter, Real News in Real Time.",Freedom_Brains
49,6402fef06eb880dac6b5bbc4,1675382370000,1621297287677808640,"vai se FODER, elon musk https://t.co/dUJq1EFk7O",SPIRALJAX
50,6402fef06eb880dac6b5bbc5,1675382369000,1621297286381715458,@elonmusk @TitterTakeover @Twitter Your absolutely astounding for your lack of understanding that allowing conspiracy theorists and allowing communist leaders meanwhile they suppress everyone in their dictatorship but yet you fuss and moan and hate government trying to prevent the same communist propaganda here!,mmurph21
51,6402fef06eb880dac6b5bbc6,1675382369000,1621297283575992322,@elonmusk @BillyM2k @ericnakagawa Looking forward to that day when â€œwe all get aloanâ€,JosieT615
52,6402fef06eb880dac6b5bbc7,1675382369000,1621297282879463424,"@elonmusk stop playing with my feeling I'll cry and kill myself y'all embarrass me, I don't wanna tell you what I wanna tell you because it'll be hurtful all y'all hurt me,y'all not on my side y'all want me to cry and try kill myself I'm crying, if it was armegedon",doprayasacareer
53,6402fef06eb880dac6b5bbc8,1675382368000,1621297281709359104,@CassyArsenault @Bengals @Local12 @elonmusk would this be doxxing?,DVeddern
54,6402fef06eb880dac6b5bbc9,1675382368000,1621297281684377600,@teslaownersSV @elonmusk @TitterTakeover @NFL ã“ã®é€Ÿå ±ã‚’æ—¥æœ¬äººã®99.99%ã¯çŸ¥ã‚‰ãªã„ã€‚,watawatadayone
55,6402fef06eb880dac6b5bbca,1675382368000,1621297281462046721,@ThatsAHoot31 @leftymagnet @DavidSacks @alx @elonmusk Manafort admitted it to the media. In an interview. No Feds there to coerce a false testimony. Please come back to reality.,seunghong
56,6402fef06eb880dac6b5bbcb,1675382368000,1621297280761339905,@elonmusk @LeighWolf ğŸ‘,jmunrojr1954
57,6402fef06eb880dac6b5bbcc,1675382368000,1621297280518160386,"@MarkDavis @elonmusk Except thousands of people have actually preordered one. Itâ€™s a wild looking â€œtruckâ€, but you not liking it doesnâ€™t mean that it wonâ€™t hit the market. I hate Fidget-Spinners, but they were on the market and found customers to buy it. Markets donâ€™t care about our feelings.",Stephen_Agnew
58,6402fef06eb880dac6b5bbcd,1675382367000,1621297277125156865,@Project_Veritas @elonmusk Elon Musk is still allowing Twitter employees to censor and suspend people.  @surfingcity was suspended because he is Catholic and also spoke out against election fraud.  No other reason.,voteLife123
59,6402fef06eb880dac6b5bbce,1675382367000,1621297274625081347,"@elonmusk @TitterTakeover @Twitter Integrity is like virginity.  You either have it, or you donâ€™t.â˜ï¸",follywatch
60,6402fef06eb880dac6b5bbcf,1675382365000,1621297269495533571,@laysacv_ @tap4president_ helemaal niet! @elonmusk fix deze kanker app,VlRG9
61,6402fef06eb880dac6b5bbd0,1675382365000,1621297267759284225,"@elonmusk 
What if Our Government actually solved problems with our tax dollars instead of wasting them (on special no bid contracts that repay/reward â€œdonorsâ€) and actually making the problems worse so Our Government could raise our Taxes increase budget to solve more problems?",donkeyman909
62,6402fef06eb880dac6b5bbd1,1675382364000,1621297264722419712,Life canâ€™t be just about solving problems. There have to be things that are exciting and inspiring that make you glad to be alive. - @elonmusk,MFElonQuotes
63,6402fef06eb880dac6b5bbd2,1675382364000,1621297262620966913,"Check thee Idiocracy Cuddy Paradoxical Drama, don't thee know nuclear will make biggest Disaster &amp; it having Biggest Pollution?! Does nuclear isnot belongs to Climate Change Green New Deal?! 
TOP evil dog tricker DeSantis,thee is Rubbish like Big Eye Elon Musk Devil hooker Harris https://t.co/Nyfy0Na66v",BlueEarth012
64,6402fef06eb880dac6b5bbd3,1675382364000,1621297261354356736,@elonmusk Yes,Ettaliveson
65,6402fef06eb880dac6b5bbd4,1675382363000,1621297259626532864,@WhiteHouse @elonmusk  can you fact check this please? The handlers are putting out misinformation,Deku52
66,6402fef06eb880dac6b5bbd5,1675382363000,1621297258993156096,"@convomf pada gila2 uang anjir, napa dah. pdhl acc gue pun cm nge rep base doang. caper lu lon @elonmusk",sebatimut
67,6402fef06eb880dac6b5bbd6,1675382363000,1621297258196254721,Everyone hates you @elonmusk,ddumemma
68,6402fef06eb880dac6b5bbd7,1675382362000,1621297255646101509,@xtr0py @Lotuspearl11 @musicphantom69 @AlkimiFox @CCuntamed @tearsintherain1 @therealbugsebu1 @Nikolaj_Nobody @Sephiro02083354 @weareToniToneLO @_n_Jack @Oscillationa @WayofK1ngs @BradPea93658337 @MDYNADENAME @DogeAccept @Emp_Coe @VelronManticore @TheGreenStash @JeremyDHawkins @xdianalandx @llcasel @FallingWaterz @0x440x46 @cannabis_your @ByronStuartd @ChariotPrince @v3ct0rs1gm4 @rayerskins @ToniToneLo @khirinknight @IamCelineMarie @AlwayzDazed @HvassVon @CueTeam17 @knux007 @Ladyliberty993 @mkfawkes2 @Edibal2 @CicadaMk @christianitycom @JoyceMeyer @vcopeland @able2know @facebook @neffex @CIA @china @elonmusk https://t.co/HxbUhb6drk,scarynorm
69,6402fef06eb880dac6b5bbd8,1675382362000,1621297253284560896,@elonmusk  You want to play golf sometime?,NathanG74665050
70,6402fef06eb880dac6b5bbd9,1675382361000,1621297252743651328,@elonmusk @BillyM2k @ericnakagawa I wish we didnâ€™t have to wait 3 months to officially subscribe. I just tried paying $100 for my annual subscription on Twitter but was denied because I have to have my account for more than 90 days. FML ğŸ˜©,MrRosete951
71,6402fef06eb880dac6b5bbda,1675382361000,1621297250889601024,"@Cult_Crit @elonmusk From all his tweets I have read (not many, but they keep popping up), good taste has nothing to do with his business.",ProustCinema
72,6402fef06eb880dac6b5bbdb,1675382360000,1621297244761726976,@DrAnitaBEtin @davontae234a @elonmusk ğŸ˜…ğŸ˜…,anjeleena_lee
73,6402fef06eb880dac6b5bbdc,1675382359000,1621297243553660928,@Project_Veritas @elonmusk I just checked and it shows trending at #5 under US Trending. ğŸ¤·â€â™€ï¸,JLeeFL
74,6402fef06eb880dac6b5bbdd,1675382359000,1621297243293622274,WTH @Twitter @elonmusk,cpm199
75,6402fef06eb880dac6b5bbde,1675382359000,1621297242261934081,@elonmusk @TitterTakeover @Twitter #Musk4President2028 ğŸ‡ºğŸ‡¸ #unitedwemuskstand https://t.co/aHIGrAkOjV,kmwatson445
76,6402fef06eb880dac6b5bbdf,1675382358000,1621297240085069825,Hi I'm Jimmy Saville the world renowned pedophile and Elon Musk is going home! Just like last year! #elonmusk,uncleDopey
77,6402fef06eb880dac6b5bbe0,1675382358000,1621297238709354499,"@elonmusk @Rainmaker1973 @waitbutwhy So little room with so much destructive power.  Flip side, so much potential to do good for one another.",Dkboss71Don
78,6402fef06eb880dac6b5bbe1,1675382358000,1621297237967114240,@elonmusk @TitterTakeover @Twitter https://t.co/lu0YSVmKTC,Aussieinvestr69
79,6402fef06eb880dac6b5bbe2,1675382357000,1621297235421167617,@TohZann @elonmusk @Tesla Time in the market over timing the market ğŸ˜,tinyasianpotato
80,6402fef06eb880dac6b5bbe3,1675382356000,1621297229460901888,@elonmusk @BillyM2k @ericnakagawa For the spam bots they have the financial incentive to reverse the mobile client apis sure itâ€™s good to experiment but I donâ€™t believe in the hypothesis. Worst case you get groups that are willing to pay just to spam. To fight spam it needs to be done serverside filter the noise,PlainToo
81,6402fef06eb880dac6b5bbe4,1675382356000,1621297228252848130,"@elonmusk @BillyM2k @ericnakagawa It's hilarious watching you continue to blow your own limbs off with every decision you make trying to make this thing profitable. Ooo, make an entirely new DM subsystem next!",JXfenrir
82,6402fef06eb880dac6b5bbe5,1675382355000,1621297227288412160,@avoo_avo @elonmusk angkat dia jdi anakmu,yuhujoy
83,6402fef06eb880dac6b5bbe6,1675382355000,1621297224079532032,@elonmusk @TitterTakeover @Twitter I'll trust it more when you fire the rest of those Commies and cut out their Commie code in the matrix,CoolStudios
84,6402fef06eb880dac6b5bbe7,1675382354000,1621297223442259969,"@elonmusk @TaraBull808 Putin is a madman he will sacrifice his country, no matter what, because of his ego.. we need to give Ukraine whatever it takes they need to have fighter jets but we should give Russia notice that they have 30 days to withdraw or we will fully supply Ukraine!!",ericksontal1
85,6402fef06eb880dac6b5bbe8,1675382353000,1621297219365212161,@ferdousalamtaz @InterstellarBit @elonmusk More like 0.2% if they don't improve the ux over there.,nrgjak2
86,6402fef06eb880dac6b5bbe9,1675382352000,1621297214705344515,@elonmusk what happened to #pfertility,santiagotwin
87,6402fef06eb880dac6b5bbea,1675382352000,1621297213589843972,@BulITrades @EnhancedMarket @EternalKingTV @elix007 @AvisheshH @tradewithnando @CblastBT @Cedar_Options @FatherBT @dcruzitm @GHOSTT878 @elonmusk @tim_cook  my future friends.,HakaishinT0pp0
88,6402fef06eb880dac6b5bbeb,1675382352000,1621297212327358464,"@Barrett666 @LoriMills4CA42 @DonaldJTrumpJr @elonmusk No.
They disable that when you lock down you account/make it private.
Note the padlock.
ğŸ¤¦ğŸ¤¦",smilingCatassin
89,6402fef06eb880dac6b5bbec,1675382351000,1621297208678121474,@ClayTravis @elonmusk I think they were all wearing masks for part of the joke for this monologue. Some people were adjusting their mass right before the camera came on and he had a line for it. I think this was just set up for the camera.,miketowerstweet
90,6402fef06eb880dac6b5bbed,1675382350000,1621297203422629889,@elonmusk https://t.co/3eR2OEWhEi,pep5713
91,6402fef06eb880dac6b5bbee,1675382349000,1621297200830582786,Noooo te metiste con la depresiva equivocada @elonmusk,mrbluesky_93
92,6402fef06eb880dac6b5bbef,1675382349000,1621297199492603904,"Is it me but did I hear AOC foot stamp in her episode/rant while she is looking like a runaway windmill.
I am getting the old the Farting Preacher Vibe with a hint of ""in a van down by the river"" 
https://t.co/DpT8efoqUy

@SaltyCracker9 @elonmusk @RepMattGaetz @catturd2 https://t.co/QO24tu3grg",StevenFlath
93,6402fef06eb880dac6b5bbf0,1675382348000,1621297196644843520,@elonmusk @TitterTakeover @NFL https://t.co/ccbU4p4ZSy,FlavioAleBon
94,6402fef06eb880dac6b5bbf1,1675382346000,1621297187287187457,@zuzsmama2 @elonmusk @TheBabylonBee We saw the writing on the wall in 2020 and moved from suburb in CT to 5 acres in NC. Trying to be somewhat self sufficient. It takes time to get everything set up and learn from mistakes as you go.,beulah_marie
95,6402fef06eb880dac6b5bbf2,1675382345000,1621297182883123200,elon musk count ur days https://t.co/sH71XUerZh,69gaybuttsex69
96,6402fef06eb880dac6b5bbf3,1675382344000,1621297181419528192,@elonmusk @TitterTakeover @Twitter Wen FSDBeta 11?,xinranzh
97,6402fef06eb880dac6b5bbf4,1675382344000,1621297181100572674,@ElijahSchaffer Elon musk ğŸ‘Œ,chronos252
98,6402fef06eb880dac6b5bbf5,1675382344000,1621297179234009088,@burgercauet Je savais mÃªme pas que câ€™Ã©tait automatique ğŸ’€ğŸ’€ğŸ’€ elon musk finito,filleaigrie
99,6402fef06eb880dac6b5bbf6,1675382343000,1621297176646221826,@elonmusk And I also know some kind divine force looking after me.,Raj05526128
100,6402fef06eb880dac6b5bbf7,1675382343000,1621297176273104897,@elonmusk @TitterTakeover @Twitter We donâ€™t trust you. We are all here out of habit.,GissueLash
101,6402fef06eb880dac6b5bbf8,1675382343000,1621297174217637888,@elonmusk check this out,Patronite_PL
102,6402fef06eb880dac6b5bbf9,1675382342000,1621297171210567681,"@NuovaRealta @CoreyMSchafer @elonmusk @TitterTakeover @Twitter If it is true then I'll give it to you. But telling people to vote Republican is his opinion. Personally, I disagree with that and believe it should be up to the person. There's things that I agree and disagree with Elon on, but Twitter has improved since he took over",SubToJoeygaming
103,6402fef06eb880dac6b5bbfa,1675382341000,1621297167511044097,@elonmusk @Rainmaker1973 @waitbutwhy ğŸ’¯ğŸ’¯,RickyClover6
104,6402fef06eb880dac6b5bbfb,1675382341000,1621297166084964353,@elonmusk @BillyM2k @ericnakagawa what about a free use to use sandbox @elonmusk,tosho
105,6402fef06eb880dac6b5bbfc,1675382340000,1621297164415647749,Just checking inâ€¦is @elonmusk still here or did he abide by the poll results yet?,HigginsMyHomie
106,6402fef06eb880dac6b5bbfd,1675382340000,1621297161630584834,"@elonmusk Im a Fortune Teller. 
 Color: Pink
In One Word: Sharp
Shape: Bended Arrow
Strength: Ready
Weakness: Anger
Every 28th carries the challenge of the fall of Mars in the sign of Cancer, especially in June when the Sun is set in this sign",grudovd1
107,6402fef06eb880dac6b5bbfe,1675382340000,1621297161185988609,"@elonmusk @TitterTakeover @NFL I'm asking for help my brother is in jail in Florence Kentucky for crime he did not commit we found an attorney that charges $5, 000 but we're short $2,500 if you can help us we have a gofund account or thinking God bless",jlfig1007
108,6402fef06eb880dac6b5bbff,1675382339000,1621297159021666307,"@PoliticalAnt @KeithOlbermann @getpaidwrite @elonmusk @GretaThunberg Greta est une mascotte du capitalisme vert, mais certainement pas une Ã©cologiste sociale.",Rsurrection7
109,6402fef06eb880dac6b5bc00,1675382337000,1621297151866445824,"@Ryback @elonmusk How are you doing today, Big Guy?",TheArsonDragon
110,6402fef06eb880dac6b5bc01,1675382337000,1621297151199559682,There are two kinds of people in this world: Those that have taken acid and those that havenâ€™t. @elonmusk,GregoryBrandt
111,6402fef06eb880dac6b5bc02,1675382337000,1621297150297604096,@tylermcginnis @elonmusk money printer go brr https://t.co/7vTco6HlPh,fxdemir
112,6402fef06eb880dac6b5bc03,1675382337000,1621297149756465153,@tobichrislorenz @elonmusk @Tesla Hatte mir sogar extra die vom Vorfacelift geholt. Sind deutlich gerundeter &amp; aus hochwertigem Kunstsoff. Die konnte man gefÃ¼hlt Ã¼berfahren. ğŸ˜„,NeoliberaleA
113,6402fef06eb880dac6b5bc04,1675382337000,1621297149492318208,@Project_Veritas @elonmusk Shenanigans,LostJohnny
114,6402fef06eb880dac6b5bc05,1675382332000,1621297130508787717,@muscleforlife Yo so they just got random dudes popping up as sponsors on my timeline now ğŸ‘ğŸ¾ @elonmusk what is this nonsense?,FG4Friedland
115,6402fef06eb880dac6b5bc06,1675382332000,1621297129523216390,@ZaleskiLuke @elonmusk @JudiciaryGOP @SpeakerMcCarthy ğŸ˜‚. Dude. Turn your tv off. ğŸ˜‚,MehkiAaron
116,6402fef06eb880dac6b5bc07,1675382332000,1621297127438819329,@elonmusk @TrungTPhan ğŸ’¦,LAXM82
117,6402fef06eb880dac6b5bc08,1675382332000,1621297127237324800,Anyone know if the good bot accounts are moving to mastodon or something? @elonmusk Can't believe you're ruining the parts of twitter I actually like,bradsum64
118,6402fef06eb880dac6b5bc09,1675382330000,1621297121767968768,@elonmusk @TitterTakeover @Twitter Good job ğŸ‘,pdan_23
119,6402fef06eb880dac6b5bc0a,1675382329000,1621297117426851842,@elonmusk @TitterTakeover @Twitter https://t.co/bTRBAax6UJ,justwaitforit0
120,6402fef06eb880dac6b5bc0b,1675382328000,1621297111831568386,"@elonmusk @TitterTakeover @Twitter Dudeâ€¦ how about remove the idiotic policy of 1 phone number per account. How am I suppose to get back into my 2 business accounts? Buy two new phones for them? Twitter has become worse, not better. This chart is just the establishment voters, not reflecting reality.",6D6F64
121,6402fef06eb880dac6b5bc0c,1675382328000,1621297110384615426,@elonmusk @TrungTPhan And technokensis period,XenaYXavier
122,6402fef06eb880dac6b5bc0d,1675382328000,1621297110342635521,@elonmusk can you put emotional reactions on government and political party tweets? Be a great way to show our â€˜appreciationâ€™ of whatever their trying to pushâ€¦,samuelkilner
123,6402fef06eb880dac6b5bc0e,1675382327000,1621297110028017667,@elonmusk @Rainmaker1973 @waitbutwhy adult diapers.,Goniissak
124,6402fef06eb880dac6b5bc0f,1675382326000,1621297105813016576,@elonmusk @TitterTakeover @Twitter @elonmusk have you seen this pic of you &amp; your bestie? #ChimpifAI creation. https://t.co/CZP69HATSk,poj_nom
125,6402fef06eb880dac6b5bc10,1675382325000,1621297101497040896,"@elonmusk @TitterTakeover @Twitter #Proud of this accomplishment. If twitter doesnâ€™t go bankrupt, we may have an actual forum for everyone to debate with intelligence, equality, and equity!",JacobBoersma20
126,6402fef06eb880dac6b5bc11,1675382324000,1621297095524188161,@cb_doge @elonmusk Nice ğŸ”¥ğŸ”¥ğŸ”¥ğŸ”¥ğŸ”¥,RockandRollGuy1
127,6402fef06eb880dac6b5bc12,1675382324000,1621297095486365696,"The Twitter Files, The Facebook Files, The Project Veritas Pfizer Expose, Covid censorship, Ivermectin and alternative medicine suppression, the Hunter Biden laptop fiasco, etc

So much is being aired out on Twitter

All out in the open as it should be

Thank you @elonmusk",shovas
128,6402fef06eb880dac6b5bc13,1675382323000,1621297093351559168,all the fun twitter bots are being killed &lt;3 elon musk i will never forgive u,OkayStupid
129,6402fef06eb880dac6b5bc14,1675382323000,1621297092500013061,@Project_Veritas @elonmusk Holy shit!,_scottheaney
130,6402fef06eb880dac6b5bc15,1675382322000,1621297088477675525,@Project_Veritas @elonmusk Fantastic reporting.,biker4life
131,6402fef06eb880dac6b5bc16,1675382322000,1621297085738893312,@elonmusk @TitterTakeover @Twitter the articleâ€™s headline ğŸ˜‚ â€œprogressâ€ https://t.co/de8GrNhLFh,bionicninjas
132,6402fef06eb880dac6b5bc17,1675382321000,1621297084153430023,@elonmusk @TitterTakeover @Twitter Agreed. What is not an example of progress is having to like this (and other posts) up to 5 times before it will be counted.,ineyeofthestorm
133,6402fef06eb880dac6b5bc18,1675382319000,1621297076469374978,@MetsFanInPhilly @elonmusk What do you expect? It's Musk.,LordBryon4
134,6402fef06eb880dac6b5bc19,1675382319000,1621297076163301377,@th_alchemist_ @Tesla @elonmusk Literally rme ğŸ˜‚ https://t.co/REb3IzA1Yq,thesock_eth
135,6402fef06eb880dac6b5bc1a,1675382318000,1621297070442254337,"@fly4dat Readers added more context they thought people might want to know:

Nobody cared about this one, too. So why would anybody care about @elonmusk's trials. Innocent until proven guilty!

https://t.co/vy7sCGiewe",MMike2016
136,6402fef06eb880dac6b5bc1b,1675382318000,1621297070307942401,"@SteveBelzerRN @OwenGregorian @elonmusk @ScottAdamsSays Sad that patients have to wait till that point to get relief. When properly dosed, they can function normally and have a decent life.",BetsyRambo
137,6402fef06eb880dac6b5bc1c,1675382317000,1621297068156264450,@elonmusk @TitterTakeover @Twitter It's buzzfeed for gawd sakes.,_quantumboy
138,6402fef06eb880dac6b5bc1d,1675382317000,1621297067531304960,@elonmusk @TitterTakeover @Twitter Good job!!!,Michael23552758
139,6402fef06eb880dac6b5bc1e,1675382317000,1621297067455909888,@Project_Veritas @elonmusk Elon didnt intend for Twitter to be THIS truthful. ğŸ˜†ğŸ™„,DaFleetCaptain
140,6402fef06eb880dac6b5bc1f,1675382317000,1621297066159869953,"@TitterTakeover @Twitter La pÃ©nitence de @elonmusk achÃ¨ve...
@Jefffillion",Yabdanscabane
141,6402fef06eb880dac6b5bc20,1675382317000,1621297064884805632,@Project_Veritas @elonmusk There are still traitors at twitter.,jim_theel
142,6402fef06eb880dac6b5bc21,1675382317000,1621297064255561736,@SaneMemes @vastblastx @elonmusk @BillyM2k @ericnakagawa ???? naive ????,escrow_
143,6402fef06eb880dac6b5bc22,1675382316000,1621297062808535040,@elonmusk @TitterTakeover @NFL I'm not one but it was fun.,Why_notthis1
144,6402fef06eb880dac6b5bc23,1675382316000,1621297061088878592,@Jim_Jordan ğŸš¨ wow @elonmusk,RepTroyNehls
145,6402fef06eb880dac6b5bc24,1675382315000,1621297059910324224,Here we are waiting for the Big New ultra boosters ğŸš€ designs ğŸ¤£ğŸ˜‚ğŸ¤£ğŸ˜³ especially when @elonmusk gets home and work with boosters ğŸš€ designs ğŸ¤£ğŸ˜‚ğŸ¤£ https://t.co/JU4Dck755H,oliverthewitnes
146,6402fef06eb880dac6b5bc25,1675382315000,1621297058572271617,@Helena_Erben @PallasGlaux @Tutunarot1 @G7uQ40F6VP1Rv2U @IoannisKapo1 @TheRisingFinix @Chigeorge72 @eftimia60 @JordanTviterka @theoperi @vladegv @GrecoStrategos @MAKEDONMMA @_kavla1_ @max_zek_x @bigjohn53979259 @Aretitheta @TreloKomio5 @Ar_MA_ge_don @SrebreniKopja @OKOTOnaSE @panbog2 @YiosDia @Alexand45539671 @mmamakedonia @BasilesNikolaou @MakedonPaeon @THE_GREEK_007 @lolita194636511 @Darnakas3 @_Makedonuts_ @AITWLOS @andros_sk_mari @dokurcev @PegoEmpresa @APsilos @basedfootball_ @dondon90820793 @xKilluminatix_ @orguel1984 @Okurcan3 @mkdalex_mk @IamHellenic @DOOM90129835 @oc1hr9id47 @RDOOM85831413 @lilaposer1261 @_Jan_____ @BiblioStrumski @elonmusk It's exactly the same ğŸ¤¥ğŸ¤¥ğŸ¤¥ğŸ¤¥ğŸ¤¥ https://t.co/CvhQd4ONVY,makedonien_mk
147,6402fef06eb880dac6b5bc26,1675382315000,1621297057666301953,@elonmusk @BillyM2k @ericnakagawa ğŸ’€ğŸ’€ğŸ’€ğŸ’€ğŸ’€ğŸ’€ğŸ’€ğŸ’€ğŸ’€ğŸ’€ğŸ’€ğŸ’€ğŸ’€ğŸ’€ğŸ’€ğŸ’€ğŸ’€ğŸ’€ğŸ’€ğŸ’€ğŸ’€ğŸ’€ğŸ’€ğŸ’€ğŸ’€ğŸ’€ğŸ’€ğŸ’€ğŸ’€ğŸ’€ğŸ’€ğŸ’€ğŸ’€ğŸ’€ğŸ’€ğŸ’€,bvvst
148,6402fef06eb880dac6b5bc27,1675382315000,1621297057066524676,@Project_Veritas @elonmusk So he took it. That's interesting.,79thAndLex
149,6402fef06eb880dac6b5bc28,1675382315000,1621297056471044096,"@elonmusk My dream was to become a super hacker to invade and end all this cultural Marxism and all this proguecist rabble, but I was getting stuck in the matrix where I can leave if I harm someone....",wellingtonlami2
150,6402fef06eb880dac6b5bc29,1675382315000,1621297055955316736,"@Project_Veritas @elonmusk Yup, literally disappeared entirely from my ""trending"" tab.  Shows up with a ton of tweets when you click on the hashtag itself, but it's no longer showing up on the ""what's happening"" thing on the right side of the screen or in the trending section at all.",netluxe
151,6402fef06eb880dac6b5bc2a,1675382314000,1621297055783067649,@Rick57038206 @elonmusk Huh o,Daniellealice00
152,6402fef06eb880dac6b5bc2b,1675382313000,1621297050913480704,@KELELOHIM @TansuYegen @elonmusk Never question the Mars landing,AllenKnox11
153,6402fef06eb880dac6b5bc2c,1675382313000,1621297049638420481,"oxe q porra Ã© essa, elon musk se adicionou sozinho na minha roda do tt KKKKKKKKKKKKKKKKKKKKKKKKKKKKKKKKKKKKKKKKKKKKKKKKKKKKKKKKKKKKKKKKKKKKKFDP",_MillyRDS_
154,6402fef06eb880dac6b5bc2d,1675382313000,1621297049479139329,"@KyivIndependent That's it Putin: bring the all might of russian laundry-machine robbers!
What will it be? T62? T55? T34? Maybe the kitchen sink from @elonmusk ?
Oh go have s snort of Novicioktea!",I_lupu
155,6402fef06eb880dac6b5bc2e,1675382313000,1621297048417968128,@noirbesos @hrtbuni @elonmusk HELP,cifersoul
156,6402fef06eb880dac6b5bc2f,1675382312000,1621297046849290241,@Project_Veritas @elonmusk I saw this on my What's happening page and now its gone https://t.co/Trj1t699rO,vipey1
157,6402fef06eb880dac6b5bc30,1675382311000,1621297043116261378,@DrAnitaBEtin @elonmusk Hahaha,YGBSM561
158,6402fef06eb880dac6b5bc31,1675382311000,1621297042978111488,"@oddishhly @Twitter @elonmusk The key is always to Blame @elonmusk and the #Twitter Code for the space ending.  

Never admit to accidentally closing a fantastic space ğŸ˜‚ğŸ˜‚",OldVetSymposium
159,6402fef06eb880dac6b5bc32,1675382310000,1621297036782960640,@elonmusk @TitterTakeover @Twitter Whole point Congratulations ğŸ¾ https://t.co/CDcOgrc2GM,Elizabe31898165
160,6402fef06eb880dac6b5bc33,1675382310000,1621297035625336832,@Project_Veritas @elonmusk They are cooking up SEO distractions as we speakâ€¦,ernestmacandrew
161,6402fef06eb880dac6b5bc34,1675382309000,1621297030801891328,"@VoiceofDefi haha, funny thing is @elonmusk already turned it off",billbear6969
162,6402fef06eb880dac6b5bc35,1675382308000,1621297030294290439,"@ICannot_Enough @elonmusk Amazing graphs ! ğŸ¤Ÿ Keep doing it mate, you're killing it",roulito80
163,6402fef06eb880dac6b5bc36,1675382308000,1621297030055268352,@elonmusk Off fortune cookie.,bconn73
164,6402fef06eb880dac6b5bc37,1675382308000,1621297029342281728,Elon musk mmgvo te voy a cortar los meÃ±iques,cipgawjunk
165,6402fef06eb880dac6b5bc38,1675382308000,1621297028989845504,@Project_Veritas @elonmusk We have a saboteur.,VascoDG2
166,6402fef06eb880dac6b5bc39,1675382307000,1621297025382768646,@elonmusk @TitterTakeover @NFL Youâ€™ve drained the twitter swamp and now leave it to the people,chipmartin233
167,6402fef06eb880dac6b5bc3a,1675382307000,1621297022887239680,@MichelleBekke11 @TeslaJesus69420 @TeslaDarth @Michael04665246 @John_Inubook @DogeAccept @imPenny2x @zerotimejodi @dvorahfr @EvasTeslaSPlaid @musicphantom69 @PleiadesPlZ @Lucktriple07 @BestBuy @elonmusk @Twitter Sounds like you need someone to 'pop' it back into place ğŸ¤·â€â™‚ï¸ğŸ§™â€â™‚ï¸ğŸ,CCuntamed
168,6402fef06eb880dac6b5bc3b,1675382306000,1621297020198592512,"@elonmusk @Rainmaker1973 @waitbutwhy If we were uploaded we would all fit in a small black box.
Which is probably what happens every time we hit peak population and peak tech.
I imagine its nested boxes within boxes. Even Rick &amp; Morty know it. ğŸ¤£",TronBloke
169,6402fef06eb880dac6b5bc3c,1675382305000,1621297015408963584,@cb_doge @elonmusk @TitterTakeover @NFL Do I smell doge reference ;) gotta keep the superbowl doge commercial dream alive ;),JollyProper
170,6402fef06eb880dac6b5bc3d,1675382305000,1621297013907230720,@Lionelclone1 @Michaeldoge420 @CCuntamed @misswyoming307 @DraganaMusk @TeslaDarth @tearsintherain1 @SpadersNFTs @Stacyloveskatz @boozelee86 @dogecoin @elonmusk @DogeAccept @S3XYDOG3VAD3R @EarTooEar @PryZmRuleZZ @PiaPanda96 @Optimasubprima @dogeofficialceo @TheDogeBird @UpdateRail @safferpsyche @devine1jojo @MarshaW15161057 @RinesBrandi @elgatosenfuego @imPenny2x @RandallFreebyrd @ExplainThisBob â¤,MarilouBaril
171,6402fef06eb880dac6b5bc3e,1675382304000,1621297010614697984,@elonmusk @elonmusk looks like @Magneto for his profile picture. He's taking over the ğŸŒ lol I'm looking for a better job.,Alabamacotton
172,6402fef06eb880dac6b5bc3f,1675382302000,1621297001546805248,elon musk fuckimg ruining every fun in this app and made it into some kind of capitalism shit ever since he took over it https://t.co/zV5RTVPczT,louvremaiden
173,6402fef06eb880dac6b5bc40,1675382301000,1621297000984494080,@elonmusk @BillyM2k @ericnakagawa https://t.co/EuxLqJ2P28,SeanCarrol3
174,6402fef06eb880dac6b5bc41,1675382300000,1621296996215660545,@elonmusk @TitterTakeover @Twitter That's pretty cool if you stop to think about the long term implications.,chuckstrap11
175,6402fef06eb880dac6b5bc42,1675382300000,1621296995670319105,@DavelnOz @DrLoupis @ellagirwin @TwitterSupport @elonmusk She does seem to have a history of hiding the truth,BoredGayBrennan
176,6402fef06eb880dac6b5bc43,1675382299000,1621296990922358787,@Project_Veritas @elonmusk Still seeing it here.,Bcote06333747
177,6402fef06eb880dac6b5bc44,1675382299000,1621296990460993537,@Project_Veritas @elonmusk @elonmusk How deep is the corruption at @Twitter - this is not doing your companyâ€™s  trust levels any favours,LJMcBay
178,6402fef06eb880dac6b5bc45,1675382297000,1621296983431331840,fuck you elon musk,ivysloverbff
179,6402fef06eb880dac6b5bc46,1675382296000,1621296979090317312,@elonmusk how come the president of tweeter france cuts off some account when we but messages on macron and this shitty politics are these normal could you leave people their freedom to say what he thinks could do something to you of this dictatorship,garattain40
180,6402fef06eb880dac6b5bc47,1675382296000,1621296978779951106,@_TheGreatOneHD @ClayTravis @elonmusk Yet you guys destroyed families and kept people from attending love ones funerals cause your such petty douchbags you can't admit when your wrong,Optimusdad08
181,6402fef06eb880dac6b5bc48,1675382296000,1621296977207263232,"How did the cookers get so much clout that governments have to counter their claims?

South Australian council forced to dispel â€˜bizarreâ€™ claims of Elon Musk using mind-control chips | South Australia | The Guardian https://t.co/HlUJHDD32k",ranterulze
182,6402fef06eb880dac6b5bc49,1675382295000,1621296973856010240,@AlexTheMule1999 @DrAnitaBEtin @elonmusk That's no doctor.,MontanaCowboy15
183,6402fef06eb880dac6b5bc4a,1675382295000,1621296973352411139,@elonmusk @TrungTPhan Ha ha. Nice word choice,MurphyCleaner
184,6402fef06eb880dac6b5bc4b,1675382295000,1621296973285400577,@elonmusk @TitterTakeover @Twitter Hang in there. keep it up with head held high.,RoxrollaZ
185,6402fef06eb880dac6b5bc4c,1675382294000,1621296968445341696,@elonmusk https://t.co/olQgIQ9g9p,Aksya2119
186,6402fef06eb880dac6b5bc4d,1675382293000,1621296966763425792,@chicago_glenn @elonmusk @TheUnderDoge3 @mayemusk @occupymars42069 @MyDogeCTO @biogirl09 @GloryDoge @dogesuppporteam @TeslaClubWI @dezmondOliver @SirineAti ğŸ¤©ğŸ˜,Pinky1925092011
187,6402fef06eb880dac6b5bc4e,1675382293000,1621296965970546688,@elonmusk https://t.co/qmfS4iFZ5c,LAFRANCEPARTY
188,6402fef06eb880dac6b5bc4f,1675382293000,1621296965647482880,@elonmusk @TitterTakeover @Twitter https://t.co/9KsIJYrqmi,CatherinScience
189,6402fef06eb880dac6b5bc50,1675382292000,1621296963139272704,@Project_Veritas @elonmusk Not yet trending in the UK,thamimboss
190,6402fef06eb880dac6b5bc51,1675382292000,1621296962317303808,"@elonmusk @nichegamer Yeah, you have made Twitter worse than it was before you came along.",bface9
191,6402fef06eb880dac6b5bc52,1675382292000,1621296961621217282,@elonmusk end world hunger you coward,poosbutt
192,6402fef06eb880dac6b5bc53,1675382291000,1621296958777204739,@elonmusk @TitterTakeover @Twitter Wonderful news !,joseloanto
193,6402fef06eb880dac6b5bc54,1675382291000,1621296958320119808,@_TheGreatOneHD @ClayTravis @elonmusk No he doesnâ€™t,JDP775
194,6402fef06eb880dac6b5bc55,1675382291000,1621296956768243714,"@elonmusk @TitterTakeover @Twitter ""Trust in Twitter has declined among Democrats after Musk took over, but gone up among Republicans. The two sides are now at the same level.""",LoyalCanadian4u
195,6402fef06eb880dac6b5bc56,1675382291000,1621296956172533760,"@Project_Veritas @elonmusk I already thought the first video was watched way too little. 

@elonmusk, it looks like you missed a spot when cleaning ship.",JustATechGuy_
196,6402fef06eb880dac6b5bc57,1675382290000,1621296954818064384,@Tyler0309 @JoeyMauro1 @Forreststargaze @elonmusk not needed. cars can brake substantially faster than trains and platforms aren't elevated.,forstall_
197,6402fef06eb880dac6b5bc58,1675382290000,1621296954797072384,@ThatsAHoot31 @leftymagnet @DavidSacks @alx @elonmusk What are you talking about? I said he was working with kilimnik the Russian spy. Which manafort admitted. Which gates admitted. Are you confused?,seunghong
198,6402fef06eb880dac6b5bc59,1675382290000,1621296952414507009,@fasc1nate @elonmusk I couldnâ€™t stop thinking about this and the way it could be used for Falcon 9 or any of the others. Thereâ€™s gotta be a way to use this for the ships or for the Cars. I canâ€™t stop thinking about it and how it could be implemented. Interesting tho,MatthewDeCoy
199,6402fef06eb880dac6b5bc5a,1675382289000,1621296948425678848,"@BillyM2k @elonmusk @ericnakagawa Oh, please https://t.co/om0PwSYm2k",NYNightTrain
